,book_id,author_id,title,num_pages,publication_date,publisher_id
0,1,546,'Salem's Lot,594,2005-11-01,93
1,2,465,1 000 Places to See Before You Die,992,2003-05-22,336
2,3,407,13 Little Blue Envelopes (Little Blue Envelope  #1),322,2010-12-21,135
3,4,82,1491: New Revelations of the Americas Before Columbus,541,2006-10-10,309
4,5,125,1776,386,2006-07-04,268
5,6,257,1st to Die (Women's Murder Club  #1),424,2005-05-20,116
6,7,258,2nd Chance (Women's Murder Club  #2),400,2005-05-20,116
7,8,260,4th of July (Women's Murder Club  #4),448,2006-06-01,318
8,9,563,A Beautiful Mind,461,2002-02-04,104
9,10,445,A Bend in the Road,341,2005-04-01,116
10,11,130,A Breath of Snow and Ashes (Outlander  #6),980,2006-08-29,83
11,12,541,A Brief History of Time,212,1998-09-01,36
12,13,359,A Caress of Twilight (Merry Gentry  #2),348,2005-03-15,33
13,14,85,A Christmas Carol and Other Christmas Writings,288,2003-10-30,217
14,15,198,A Clash of Kings  (A Song of Ice and Fire  #2),969,2002-05-28,35
15,16,505,A Crown of Swords (The Wheel of Time  #7),880,1997-11-15,297
16,17,94,A Dirty Job (Grim Reaper  #1),387,2006-03-21,331
17,18,129,A Drink Before the War (Kenzie & Gennaro  #1),282,2003-09-15,178
18,19,517,A Fine Balance,603,2001-11-30,309
19,20,349,A Fistful of Charms (The Hollows  #4),510,2006-06-27,143
20,21,440,A Game of You (The Sandman  #5),192,1999-03-10,305
21,22,368,A Great and Terrible Beauty (Gemma Doyle #1),403,2003-12-09,276
22,23,571,A Hat Full of Sky (Discworld  #32; Tiffany Aching  #2),352,2005-05-05,66
23,24,118,A Heartbreaking Work of Staggering Genius,485,2001-02-13,309
24,25,333,A History of God: The 4 000-Year Quest of Judaism  Christianity  and Islam,460,2004-03-02,115
25,26,351,A Hunger Like No Other (Immortals After Dark  #1),356,2006-04-01,231
26,27,171,A Lesson Before Dying,256,1997-09-28,309
27,28,534,A Light in the Attic,176,2002-10-07,146
28,29,176,A Little Princess,242,2002-02-26,212
29,30,447,A Long Way Down,368,2006-05-02,247
30,31,233,A Long Way Gone: Memoirs of a Boy Soldier,229,2007-02-13,252
31,32,495,A Long Way from Chicago (A Long Way from Chicago  #1),160,2004-04-12,235
32,33,353,A Man Without a Country,160,2007-01-16,243
33,34,268,A Map of the World,400,1999-12-03,16
34,35,254,A Million Little Pieces,515,2005-09-22,16
35,36,169,A Moveable Feast,192,2012-09-06,309
36,37,3,A Murder Is Announced (Miss Marple  #5),288,2006-09-30,50
37,38,302,A Painted House,384,2004-02-03,35
38,39,148,A Passage to India,376,2005-08-30,212
39,40,225,A People's History of the United States,729,2005-08-02,129
40,41,256,A Portrait of the Artist as a Young Man,329,2003-03-25,217
41,42,153,A Princess of Mars (Barsoom  #1),186,2007-01-30,212
42,43,377,A Quick Bite (Argeneau #1),360,2020-03-31,28
43,44,604,A Room of One's Own,112,2000-01-01,212
44,45,147,A Room with a View,119,2005-01-01,90
45,46,477,A Scanner Darkly,219,2006-08-17,114
46,47,308,A Separate Peace,208,2003-09-30,258
47,48,56,A Short History of Nearly Everything,544,2004-09-14,56
48,49,569,A Streetcar Named Desire,107,1952-12-01,97
49,50,269,A Thousand Acres,371,2003-12-02,15
50,51,54,A Tree Grows in Brooklyn,496,2006-05-30,135
51,52,56,A Walk in the Woods: Rediscovering America on the Appalachian Trail,397,2006-12-26,16
52,53,445,A Walk to Remember,240,2004-09-01,116
53,54,215,A Wild Sheep Chase (The Rat  #3),353,2002-04-09,309
54,55,51,A Woman of Substance (Emma Harte Saga #1),928,2005-12-01,118
55,56,475,A Year in Provence,207,1991-06-04,309
56,57,602,Act of Treason (Mitch Rapp  #9),432,2006-10-10,27
57,58,2,Aesop's Fables,306,2003-04-10,203
58,59,216,After Dark,191,2007-05-08,169
59,60,533,Ahab's Wife  or The Star-Gazer,704,2005-08-02,333
60,61,567,Alanna: The First Adventure (Song of the Lioness  #1),274,2005-01-01,274
61,62,461,Alas  Babylon,323,2005-07-05,130
62,63,518,Alexander Hamilton,818,2005-03-29,212
63,64,366,Alice in Wonderland,92,2004-09-07,115
64,65,367,Alice's Adventures in Wonderland & Through the Looking-Glass,239,2000-12-01,219
65,66,510,All the King's Men,439,1996-09-01,125
66,67,409,All-American Girl (All-American Girl  #1),398,2003-07-22,144
67,68,369,Alone (Detective D.D. Warren  #1),451,2005-12-27,35
68,69,257,Along Came a Spider (Alex Cross  #1),449,2003-08-01,116
69,70,430,American Gods (American Gods  #1),635,2005-03-04,150
70,71,480,American Pastoral (The American Trilogy  #1),432,1998-03-05,309
71,72,228,Amsterdam,208,1999-11-02,17
72,73,455,An Ideal Husband,78,2001-02-05,96
73,74,3,And Then There Were None,264,2004-05-03,284
74,75,106,Angels & Demons (Robert Langdon  #1),736,2006-04-01,229
75,76,452,Angels Fall,391,2006-07-11,236
76,77,414,Angels Flight (Harry Bosch  #6; Harry Bosch Universe  #7),454,2000-01-05,327
77,78,50,Animal  Vegetable  Miracle: A Year of Food Life,370,2007-05-01,135
78,79,195,Animal Farm,122,2003-05-06,186
79,80,196,Animal Farm / 1984,400,2003-06-01,157
80,81,362,Anna Karenina,960,2002-11-05,265
81,82,417,Anne Frank Remembered: The Story of the Woman Who Helped to Hide the Frank Family,252,1988-04-15,299
82,83,174,Anne Rice's The Vampire Lestat: A Graphic Novel,404,1991-11-30,33
83,84,354,Anne of Green Gables (Anne of Green Gables  #1),320,2003-05-06,266
84,85,44,Anthem,105,1999-12-01,186
85,86,411,Arrows of the Queen (Heralds of Valdemar  #1),320,1987-03-03,74
86,87,626,As You Like It,263,2011-08-23,275
87,88,512,Assassin's Quest (Farseer Trilogy  #3),757,1998-01-05,279
88,89,445,At First Sight (Jeremy Marsh & Lexie Darnell  #2),204,2006-09-05,116
89,90,45,Atlas Shrugged,1168,1999-08-01,226
90,91,164,Baby Proof,340,2006-06-13,284
91,92,266,Babyville,464,2004-03-23,56
92,93,540,Band of Brothers: E Company  506th Regiment  101st Airborne from Normandy to Hitler's Eagle's Nest,432,2002-09-01,273
93,94,205,Batman: Arkham Asylum - A Serious House on Serious Earth,216,2005-01-11,71
94,95,460,Beach Music,592,2002-03-26,88
95,96,513,Beauty: A Retelling of the Story of Beauty and the Beast,256,1993-06-30,133
96,97,24,Bel Canto,352,2005-08-02,129
97,98,589,Beloved,324,2004-06-08,309
98,99,182,Beyond Good and Evil,240,2003-02-27,217
99,100,532,Birdsong,483,1997-06-02,315
100,101,345,Bitten (Otherworld  #1),436,2004-09-07,227
101,102,281,Bitter Is the New Black: Confessions of a Condescending  Egomaniacal  Self-Centered Smartass  Or  Why You Should Never Carry A Prada Bag to the Unemployment Office,400,2006-03-07,186
102,103,28,Black Beauty,245,2003-03-01,256
103,104,81,Black Hole,368,2005-10-18,206
104,105,549,Black House (The Talisman  #2),688,2003-09-30,33
105,106,306,Black Like Me,208,2003-05-06,46
106,107,27,Black and Blue,288,2010-08-25,84
107,108,101,Blankets,592,2003-08-18,295
108,109,584,Bleach  Volume 01,200,2004-05-19,303
109,110,86,Bleak House,1017,2006-01-06,212
110,111,322,Blindness,326,1999-10-04,178
111,112,336,Blindsighted (Grant County  #1),418,2002-10-01,143
112,113,381,Blink: The Power of Thinking Without Thinking,296,2007-04-03,31
113,114,94,Bloodsucking Fiends (A Love Story  #1),300,2004-06-01,133
114,115,359,Bloody Bones (Anita Blake  Vampire Hunter #5),336,2005-11-01,47
115,116,462,Blow Fly (Kay Scarpetta  #12),467,2004-09-07,45
116,117,136,Blue Like Jazz: Nonreligious Thoughts on Christian Spirituality,243,2003-07-15,291
117,118,359,Blue Moon (Anita Blake  Vampire Hunter  #8),418,2002-09-24,46
118,119,607,Blue Ocean Strategy: How to Create Uncontested Market Space and Make the Competition Irrelevant,240,2005-02-01,148
119,120,572,Body Double (Rizzoli & Isles  #4),432,2005-07-26,33
120,121,266,Bookends,368,2003-05-27,56
121,122,124,Boy Meets Boy,185,2005-05-10,9
122,123,499,Boy: Tales of Childhood (Roald Dahl's Autobiography  #1),176,2001-04-05,235
123,124,8,Brave New World,288,1998-09-01,140
124,125,9,Brave New World / Brave New World Revisited,340,2005-07-05,130
125,126,173,Brideshead Revisited,351,1982-01-30,31
126,127,281,Bright Lights  Big Ass,380,2007-05-01,186
127,128,127,Brother Odd (Odd Thomas  #3),364,2006-11-28,35
128,129,249,Built to Last: Successful Habits of Visionary Companies,368,2004-11-02,127
129,130,620,Burning Chrome (Sprawl  #0),224,2003-07-29,132
130,131,359,Burnt Offerings (Anita Blake  Vampire Hunter  #7),392,2002-09-24,46
131,132,468,By the River Piedra I Sat Down and Wept,208,2006-05-23,139
132,133,536,Can You Keep a Secret?,374,2005-12-27,82
133,134,355,Cane River,522,2002-04-01,116
134,135,311,Cannery Row,181,2002-02-05,212
135,136,299,Captivating: Unveiling the Mystery of a Woman's Soul,243,2005-04-05,188
136,137,571,Carpe Jugulum (Discworld #23; Witches #6),296,1999-09-08,132
137,138,338,Case Histories (Jackson Brodie #1),389,2005-10-17,31
138,139,227,Casino Royale (James Bond  #1),181,2002-08-27,210
139,140,334,Catherine  Called Birdy,224,2004-06-01,144
140,141,463,Cause of Death (Kay Scarpetta  #7),356,2007-01-02,46
141,142,359,Cerulean Sins (Anita Blake  Vampire Hunter  #11),529,2004-08-31,46
142,143,179,Chapterhouse: Dune (Dune Chronicles #6),436,1987-07-01,3
143,144,499,Charlie and the Chocolate Factory (Charlie Bucket  #1),176,2005-06-02,235
144,145,146,Charlotte's Web,184,2001-10-01,138
145,146,453,Children of the Mind (Ender's Saga  #4),370,2002-08-24,297
146,147,290,Chocolate Chip Cookie Murder (Hannah Swensen  #1),436,2006-09-01,165
147,148,547,Christine,411,2001-06-13,170
148,149,189,Chronicle of a Death Foretold,120,2003-10-07,309
149,150,61,Chronicles: Volume One,320,2005-09-13,268
150,151,380,Circle of Friends,722,2006-06-01,20
151,152,359,Circus of the Damned (Anita Blake  Vampire Hunter  #3),320,2007-01-02,45
152,153,324,Cloudy With a Chance of Meatballs (Cloudy with a Chance of Meatballs  #1),32,1982-04-01,25
153,154,88,Cold Mountain,356,2006-09-01,119
154,155,273,Collapse: How Societies Choose to Fail or Succeed,608,2005-12-27,216
155,156,600,Color: A Natural History of the Palette,464,2003-12-30,243
156,157,41,Complications: A Surgeon's Notes on an Imperfect Science,270,2003-04-01,223
157,158,536,Confessions of a Shopaholic (Shopaholic  #1),368,2003-11-04,82
158,159,207,Confessions of an Ugly Stepsister,372,2000-10-03,333
159,160,415,Congo,442,2003-10-28,29
160,161,123,Consider the Lobster and Other Essays,343,2005-12-13,176
161,162,434,Coraline,162,2006-08-29,333
162,163,375,Corelli's Mandolin,437,1995-08-29,309
163,164,619,Count Zero (Sprawl  #2),308,2006-03-07,3
164,165,544,Creepshow,66,1982-08-01,226
165,166,185,Crime and Punishment,671,2002-12-31,210
166,167,257,Cross (Alex Cross  #12),393,2006-11-13,177
167,168,610,Crossing to Safety,368,2002-04-09,183
168,169,347,Crucial Conversations: Tools for Talking When Stakes Are High,240,2002-07-09,180
169,170,6,Cry  the Beloved Country,316,2003-11-25,258
170,171,427,Cryptonomicon,1139,2002-11-01,28
171,172,542,Cujo,432,2006-06-06,225
172,173,287,Cursor's Fury (Codex Alera  #3),442,2006-12-05,4
173,174,156,Cyrano de Bergerac,240,2003-08-05,267
174,175,214,Dance Dance Dance,393,2002-02-07,309
175,176,499,Danny the Champion of the World,224,2002-02-12,168
176,177,239,Dark Lover (Black Dagger Brotherhood  #1),393,2005-09-06,219
177,178,92,Dark Prince (Dark  #1),447,2005-04-05,173
178,179,409,Darkest Hour (The Mediator  #4),316,2004-12-28,133
179,180,232,Daughter of Fortune,432,2006-05-02,129
180,181,287,Dead Beat (The Dresden Files  #7),517,2006-01-01,250
181,182,450,Dead Souls,464,2004-07-29,217
182,183,349,Dead Witch Walking (The Hollows  #1),416,2004-07-01,143
183,184,445,Dear John,276,2006-10-30,327
184,185,592,Death Note  Vol. 1: Boredom (Death Note  #1),195,2005-10-10,303
185,186,433,Death: The High Cost of Living,104,1994-06-09,293
186,187,585,Debt of Honor (Jack Ryan  #7),990,1995-08-01,46
187,188,96,Diary,262,2004-09-14,15
188,189,542,Different Seasons,560,1995-02-16,326
189,190,238,Disgrace,220,2005-08-30,212
190,191,568,Disney's Beauty and the Beast (A Little Golden Book),24,2004-05-11,113
191,192,418,Don Quixote,1023,2003-02-25,212
192,193,93,Dr. Faustus,64,1994-10-20,96
193,194,62,Dracula,488,1986-05-12,195
194,195,130,Dragonfly in Amber (Outlander  #2),743,2001-08-07,35
195,196,387,Dragons of Winter Night (Dragonlance: Chronicles  #2),358,2007-04-10,86
196,197,31,Dragonsinger (Harper Hall  #2),288,2003-04-01,6
197,198,31,Dragonsong (Harper Hall  #1),192,2006-06-01,7
198,199,435,Dream Country (The Sandman  #3),111,1999-02-05,71
199,200,551,Dreamcatcher,688,2002-03-01,8
200,201,528,Dreamland,250,2004-05-11,278
201,202,91,Drowning Ruth,368,2001-07-31,33
202,203,130,Drums of Autumn (Outlander  #4),880,2001-08-07,83
203,204,43,Dry,293,2004-04-01,223
204,205,255,Dubliners,207,2001-03-15,203
205,206,179,Dune Messiah (Dune Chronicles #2),331,1987-07-15,3
206,207,162,Eat  Pray  Love,368,2007-02-01,247
207,208,414,Echo Park (Harry Bosch  #12; Harry Bosch Universe  #16),405,2006-10-09,175
208,209,376,Eight Cousins (Eight Cousins  #1),224,2007-02-27,96
209,210,613,Einstein: His Life and Universe,675,2007-04-10,268
210,211,270,Eleven on Top (Stephanie Plum  #11),321,2006-06-20,284
211,212,190,Ella Enchanted (Ella Enchanted #1),232,1998-09-01,254
212,213,354,Emily of New Moon (Emily  #1),339,1983-04-01,81
213,214,264,Emma,474,2003-05-06,212
214,215,111,Emotional Intelligence: Why It Can Matter More Than IQ,384,2006-09-26,35
215,216,567,Emperor Mage (Immortals  #3),358,2005-06-01,274
216,217,453,Ender's Shadow (The Shadow Series  #1),469,2002-05-19,286
217,218,228,Enduring Love,245,2004-10-28,309
218,219,108,Endymion (Hyperion Cantos  #3),563,1996-12-01,40
219,220,571,Equal Rites (Discworld  #3; Witches  #1),228,2005-09-13,129
220,221,151,Essential Tales and Poems,688,2004-10-25,42
221,222,12,Eugene Onegin,240,1998-10-22,203
222,223,587,Even Cowgirls Get the Blues,366,2001-10-11,193
223,224,379,Evening Class,528,2005-06-30,201
224,225,349,Every Which Way But Dead (The Hollows  #3),501,2005-06-28,143
225,226,202,Everyday Italian: 125 Simple and Delicious Recipes,256,2005-02-22,64
226,227,360,Everyone Worth Knowing,448,2006-12-26,229
227,228,542,Everything's Eventual: 14 Dark Tales,605,2005-11-01,229
228,229,3,Evil Under the Sun (Hercule Poirot  #24),220,2006-09-01,50
229,230,585,Executive Orders (Jack Ryan  #8),1273,1998-01-01,133
230,231,364,Exodus,608,1986-10-01,37
231,232,317,Extremely Loud and Incredibly Close,326,2006-04-04,178
232,233,63,Fablehaven (Fablehaven  #1),351,2006-06-07,263
233,234,59,Fables  Vol. 1: Legends in Exile,128,2002-12-31,305
234,235,58,Fables  Vol. 3: Storybook Love,190,2004-05-01,305
235,236,432,Fables & Reflections (The Sandman  #6),263,1999-03-10,71
236,237,26,Fall on Your Knees,672,2002-10-29,229
237,238,443,Fantastic Beasts and Where to Find Them (Hogwarts Library),128,2001-06-01,23
238,239,499,Fantastic Mr. Fox,96,2002-06-11,168
239,240,578,Far From the Madding Crowd,433,2003-02-27,212
240,241,358,Farmer Boy (Little House  #2),357,2007-01-01,144
241,242,165,Fast Food Nation: The Dark Side of the All-American Meal,399,2005-07-05,129
242,243,234,Fathers and Sons,244,2005-02-01,266
243,244,295,Faust  First Part,327,1988-07-01,38
244,245,127,Fear Nothing (Moonlight Bay  #1),448,1998-12-01,36
245,246,447,Fever Pitch,247,1998-03-01,247
246,247,96,Fight Club,218,2005-10-17,323
247,248,552,First Things First,384,1996-01-17,108
248,249,251,Flags of Our Fathers,382,2006-08-29,35
249,250,112,Flowers for Algernon,311,2005-05-01,149
250,251,94,Fluke: Or  I Know Why the Winged Whale Sings,321,2004-06-15,126
251,252,424,Fooled by Randomness: The Hidden Role of Chance in Life and in the Markets,368,2005-08-23,243
252,253,421,For One More Day,197,2006-09-26,122
253,254,349,For a Few Demons More (The Hollows  #5),456,2007-03-20,132
254,255,325,Forever . . .,178,2005-06-03,205
255,256,127,Forever Odd (Odd Thomas  #2),364,2006-10-31,36
256,257,23,Forever in Blue: The Fourth Summer of the Sisterhood (Sisterhood  #4),384,2007-01-09,78
257,258,595,Foucault's Pendulum,623,2007-03-05,178
258,259,231,Foundation (Foundation  #1),244,2004-06-01,35
259,260,231,Foundation and Earth (Foundation #5),500,2004-08-31,279
260,261,231,Foundation and Empire (Foundation #2),256,2004-06-01,280
261,262,321,Founding Brothers: The Revolutionary Generation,290,2002-02-05,30
262,263,270,Four to Score (Stephanie Plum  #4),313,1999-06-15,284
263,264,430,Fragile Things: Short Fictions and Wonders,360,2006-09-26,331
264,265,235,Franny and Zooey,201,2001-01-30,31
265,266,516,Freak the Mighty (Freak The Mighty  #1),169,2001-06-01,256
266,267,556,Freakonomics: A Rogue Economist Explores the Hidden Side of Everything,320,2006-10-17,331
267,268,462,From Potter's Field (Kay Scarpetta  #6),383,2005-08-30,46
268,269,542,From a Buick 8,356,2002-09-24,258
269,270,223,Fullmetal Alchemist  Vol. 1 (Fullmetal Alchemist  #1),192,2005-05-03,303
270,271,16,Fun Home: A Family Tragicomic,240,2006-06-08,156
271,272,287,Furies of Calderon (Codex Alera  #1),504,2005-06-28,1
272,273,352,Galápagos,324,1999-01-12,88
273,274,372,Gathering Blue (The Giver  #2),240,2000-09-25,79
274,275,343,Geek Love,348,2002-06-11,244
275,276,542,Gerald's Game,332,1992-09-01,277
276,277,120,Getting Things Done: The Art of Stress-Free Productivity,267,2002-12-31,212
277,278,476,Ghost Story,567,1989-09-01,230
278,279,23,Girls in Pants: The Third Summer of the Sisterhood (Sisterhood  #3),338,2006-06-13,101
279,280,484,Glass Houses (The Morganville Vampires  #1),239,2006-10-03,187
280,281,352,God Bless You  Mr. Rosewater,288,1998-09-08,88
281,282,179,God Emperor of Dune (Dune Chronicles #4),454,2003-03-13,306
282,283,213,Gone for Good,432,2003-03-04,82
283,284,386,Gone with the Wind,1037,1999-04-01,326
284,285,283,Good in Bed (Cannie Shapiro  #1),376,2002-04-02,329
285,286,388,Goodnight Moon,32,2007-01-23,133
286,287,283,Goodnight Nobody,400,2006-05-02,329
287,288,78,Gossip Girl (Gossip Girl  #1),224,2002-04-01,176
288,289,582,Gravity's Rainbow,776,2006-10-31,212
289,290,359,Guilty Pleasures (Anita Blake  Vampire Hunter  #1),355,2004-08-03,45
290,291,318,Gulliver's Travels,306,2003-01-30,210
291,292,90,Half of a Yellow Sun,433,2006-09-12,167
292,293,80,Ham on Rye,288,2014-07-29,99
293,294,628,Hamlet,289,2005-08-01,57
294,295,575,Hannibal (Hannibal Lecter  #3),564,2000-05-18,20
295,296,271,Hard Eight (Stephanie Plum  #8),326,2003-06-16,284
296,297,84,Hard Times,353,2003-10-19,209
297,298,236,Harry Potter Boxed Set  Books 1-5 (Harry Potter  #1-5),2690,2004-09-13,253
298,299,236,Harry Potter and the Chamber of Secrets (Harry Potter  #2),341,1999-06-02,24
299,300,236,Harry Potter and the Half-Blood Prince (Harry Potter  #6),652,2006-09-16,255
300,301,236,Harry Potter and the Order of the Phoenix (Harry Potter  #5),870,2004-09-01,255
301,302,236,Harry Potter and the Prisoner of Azkaban (Harry Potter  #3),435,2004-05-01,255
302,303,291,Harvesting the Heart,453,1995-04-01,212
303,304,191,Hatchet (Brian's Saga  #1),208,2000-04-01,26
304,305,96,Haunted,419,2006-04-11,15
305,306,248,Hawaii,1136,2002-07-09,89
306,307,206,He's Just Not That Into You: The No-Excuses Truth to Understanding Guys,208,2006-12-26,111
307,308,320,Heart of Darkness,188,2003-10-01,117
308,309,296,Heidi (Heidi  #1-2),352,2002-11-15,166
309,310,492,Hell House,301,2004-07-01,262
310,311,627,Henry V,294,2004-06-22,329
311,312,14,Here on Earth,336,1999-07-01,45
312,313,179,Heretics of Dune (Dune Chronicles #5),471,1987-08-15,3
313,314,127,Hideaway,413,2005-07-05,45
314,315,305,Hiroshima,152,1989-03-04,309
315,316,321,His Excellency: George Washington,320,2005-11-08,309
316,317,422,His Majesty's Dragon (Temeraire  #1),356,2006-03-28,76
317,318,594,History of Beauty,432,2004-11-13,249
318,319,571,Hogfather (Discworld  #20; Death  #4),432,2006-10-02,65
319,320,373,Holes (Holes  #1),233,2000-09-02,253
320,321,197,Homage to Catalonia,232,1980-10-22,124
321,322,259,Honeymoon (Honeymoon  #1),406,2007-01-01,116
322,323,73,Hoot,292,2006-03-14,340
323,324,143,Horton Hatches the Egg,64,2004-10-02,145
324,325,143,Horton Hears a Who!,64,1990-10-10,240
325,326,270,Hot Six (Stephanie Plum  #6),336,2001-06-15,283
326,327,401,House of Leaves,705,2000-03-07,237
327,328,391,Housekeeping,219,2004-11-01,223
328,329,576,How the Irish Saved Civilization: The Untold Story of Ireland's Heroic Role from the Fall of Rome to the Rise of Medieval Europe,246,1996-02-01,39
329,330,449,How to Be a Domestic Goddess: Baking and the Art of Comfort Cooking,384,2005-09-01,122
330,331,105,How to Stop Worrying and Start Living,358,2004-10-05,111
331,332,147,Howards End,246,2002-10-29,96
332,333,17,Howl and Other Poems,56,2001-01-01,63
333,334,132,Howl's Moving Castle (Howl's Moving Castle  #1),329,2001-08-01,131
334,335,503,I  Claudius (Claudius  #1),468,1989-10-23,309
335,336,231,I  Robot (Robot  #0.1),224,2004-06-01,279
336,337,492,I Am Legend,160,1999-01-21,182
337,338,403,I Am the Messenger,357,2006-05-09,11
338,339,134,I Capture the Castle,343,1998-03-31,337
339,340,451,I Feel Bad About My Neck: And Other Thoughts on Being a Woman,137,2006-08-01,169
340,341,593,I Hope They Serve Beer in Hell (Tucker Max  #1),288,2006-01-01,62
341,342,18,I Like You: Hospitality Under the Influence,304,2006-10-16,327
342,343,56,I'm a Stranger Here Myself: Notes on Returning to America After Twenty Years Away,304,2000-06-28,56
343,344,209,Icy Sparks,320,2001-03-08,212
344,345,489,Illusions: The Adventures of a Reluctant Messiah,144,2001-03-12,22
345,346,56,In a Sunburned Country,335,2001-05-15,56
346,347,567,In the Hand of the Goddess (Song of the Lioness  #2),264,2005-01-01,274
347,348,426,In the Heart of the Sea: The Tragedy of the Whaleship Essex,302,2001-05-01,212
348,349,359,Incubus Dreams (Anita Blake  Vampire Hunter  #12),722,2005-09-27,164
349,350,501,Influence: The Psychology of Persuasion,320,2006-12-26,127
350,351,100,Inkheart (Inkworld  #1),563,2005-06-01,256
351,352,100,Inkspell (Inkworld  #2),635,2005-10-01,290
352,353,545,Insomnia,890,2005-02-28,75
353,354,127,Intensity,436,2000-10-31,35
354,355,286,Interpreter of Maladies,198,2000-05-22,157
355,356,32,Interview with the Vampire (The Vampire Chronicles  #1),342,2004-08-31,33
356,357,314,Into Thin Air: A Personal Account of the Mount Everest Disaster,368,1999-10-19,16
357,358,314,Into the Wild,207,1997-01-20,16
358,359,356,It's Not about the Bike: My Journey Back to Life,294,2001-09-01,48
359,360,614,Ivanhoe,541,2000-03-30,213
360,361,240,J.R.R. Tolkien 4-Book Boxed Set: The Hobbit and The Lord of the Rings,1728,2012-09-25,33
361,362,257,Jack & Jill (Alex Cross  #3),466,2003-08-01,116
362,363,499,James and the Giant Peach,146,2002-09-10,9
363,364,89,Jane Eyre,532,2003-02-04,210
364,365,587,Jitterbug Perfume,342,2001-04-09,193
365,366,125,John Adams,751,2001-05-22,271
366,367,326,Journey to the Center of the Earth (Extraordinary Voyages  #3),240,2006-04-25,35
367,368,258,Judge & Jury,419,2006-07-31,176
368,369,330,Julie and Julia: 365 Days  524 Recipes  1 Tiny Apartment Kitchen,310,2005-09-01,177
369,370,631,Julius Caesar,128,2002-10-17,204
370,371,625,Junky,208,2003-04-01,210
371,372,415,Jurassic Park (Jurassic Park  #1),480,2006-04-04,224
372,373,520,Just So Stories,210,2003-08-05,115
373,374,217,Kafka on the Shore,467,2006-01-03,315
374,375,626,King Lear,338,2004-01-01,268
375,376,210,King Solomon's Mines (Allan Quatermain  #1),264,2002-12-10,183
376,377,400,Kingdom Come,231,1997-10-01,71
377,378,257,Kiss the Girls (Alex Cross  #2),481,2000-07-01,116
378,379,34,Kitchen Confidential: Adventures in the Culinary Underbelly,312,2007-01-09,100
379,380,245,Kushiel's Avatar (Phèdre's Trilogy  #3),702,2004-09-17,296
380,381,342,Labyrinth (Languedoc  #1),515,2007-02-06,46
381,382,94,Lamb: The Gospel According to Biff  Christ's Childhood Pal,444,2004-05-25,332
382,383,32,Lasher (Lives of the Mayfair Witches  #2),400,2004-11-04,21
383,384,390,Last Chance Saloon,528,2003-05-27,135
384,385,121,Last Man Standing,640,2002-09-01,328
385,386,583,Left Behind (Left Behind  #1),342,2000-09-01,302
386,387,365,Leonardo's Notebooks,352,2005-08-01,49
387,388,64,Less Than Zero,208,2010-06-09,310
388,389,141,Life  the Universe and Everything (Hitchhiker's Guide to the Galaxy  #3),224,2005-04-26,76
389,390,618,Light in August,507,1991-01-30,309
390,391,127,Lightning,384,2003-09-02,45
391,392,357,Like Water for Chocolate,222,1993-09-16,51
392,393,567,Lioness Rampant (Song of the Lioness  #4),384,2005-01-01,274
393,394,72,Lipstick Jungle,496,2006-08-08,122
394,395,542,Lisey's Story,513,2006-10-24,258
395,396,87,Little Dorrit,1021,2003-09-25,217
396,397,358,Little House in the Big Woods (Little House  #1),198,2007-01-01,144
397,398,358,Little Town on the Prairie  (Little House  #7),374,2007-01-01,144
398,399,376,Little Women,449,2004-04-06,267
399,400,257,London Bridges (Alex Cross  #10),403,2005-10-01,318
400,401,172,Long Day's Journey into Night,179,2002-02-08,338
401,402,116,Longitude: The True Story of a Lone Genius Who Solved the Greatest Scientific Problem of His Time,192,2005-10-01,324
402,403,130,Lord John and the Private Matter (Lord John Grey  #1),368,2005-10-04,259
403,404,505,Lord of Chaos (The Wheel of Time  #6),1011,1995-11-15,297
404,405,621,Lord of the Flies,182,1999-10-01,212
405,406,571,Lords and Ladies (Discworld  #14; Witches #4),400,2005-08-01,65
406,407,274,Lost in a Good Book (Thursday Next  #2),399,2004-02-04,212
407,408,188,Love in the Time of Cholera,348,2003-10-05,315
408,409,239,Lover Awakened (Black Dagger Brotherhood  #3),448,2006-09-05,265
409,410,239,Lover Eternal (Black Dagger Brotherhood  #2),464,2006-03-07,265
410,411,239,Lover Revealed (Black Dagger Brotherhood  #4),480,2007-03-06,197
411,412,390,Lucy Sullivan Is Getting Married,640,2007-01-23,333
412,413,35,Lysistrata,132,2003-03-01,123
413,414,626,Macbeth,249,2013-07-01,268
414,415,229,Magic Bites (Kate Daniels  #1),261,2007-03-27,1
415,416,488,Magician: Apprentice (The Riftwar Saga  #1),485,1994-01-01,40
416,417,601,Man's Search for Meaning,165,2006-06-01,44
417,418,201,March,280,2006-01-31,210
418,419,458,Marked (House of Night  #1),306,2007-05-01,284
419,420,304,Marley and Me: Life and Love With the World's Worst Dog,291,2005-10-18,334
420,421,431,Marvel 1602,248,2006-08-02,179
421,422,499,Matilda,240,1998-06-01,235
422,423,36,Maus I: A Survivor's Tale: My Father Bleeds History (Maus  #1),159,1991-11-01,207
423,424,426,Mayflower: A Story of Courage  Community  and War,461,2006-05-09,307
424,425,383,Meditations,303,2006-04-27,212
425,426,39,Memoirs of a Geisha,434,2005-11-15,241
426,427,39,Memoirs of a Geisha,503,2005-11-22,311
427,428,301,Men Are from Mars  Women Are from Venus,368,2012-04-03,128
428,429,291,Mercy,400,2001-04-01,329
429,430,69,Mere Christianity,191,1996-06-01,299
430,431,32,Merrick (The Vampire Chronicles #7),370,2001-10-02,33
431,432,445,Message in a Bottle,342,1999-12-01,326
432,433,372,Messenger (The Giver  #3),169,2006-08-22,101
433,434,457,Metamorphoses,723,2004-08-03,210
434,435,270,Metro Girl (Alex Barnaby  #1),374,2005-09-27,143
435,436,359,Micah (Anita Blake  Vampire Hunter  #13),245,2006-03-01,46
436,437,280,Middlesex,529,2003-09-16,223
437,438,284,Midnight for Charlie Bone (The Children of the Red King  #1),401,2003-03-01,199
438,439,524,Midnight's Children,647,1995-05-01,309
439,440,542,Misery,370,1988-11-01,189
440,441,389,Misty of Chincoteague (Misty  #1),176,2006-12-26,6
441,442,109,Moll Flanders,339,1993-10-05,335
442,443,4,Moloka'i (Moloka'i #1),405,2004-10-04,282
443,444,412,Moneyball: The Art of Winning an Unfair Game,317,2004-03-17,320
444,445,612,Monster,281,2019-03-05,14
445,446,526,Moo  Baa  La La La!,14,2004-09-06,270
446,447,11,Morality for Beautiful Girls (No. 1 Ladies' Detective Agency #3),227,2002-11-12,238
447,448,452,Morrigan's Cross (Circle Trilogy  #1),321,2006-08-29,164
448,449,352,Mother Night,282,1999-05-11,88
449,450,590,Mountains Beyond Mountains: The Quest of Dr. Paul Farmer  a Man Who Would Cure the World,333,2004-08-31,242
450,451,571,Moving Pictures (Discworld  #10; Industrial Revolution  #1),396,2005-04-01,65
451,452,266,Mr. Maybe,368,2002-06-11,56
452,453,605,Mrs. Dalloway,194,2002-10-28,157
453,454,55,Mrs. Piggle-Wiggle (Mrs. Piggle Wiggle  #1),128,2007-08-14,133
454,455,3,Murder at the Vicarage (Miss Marple  #1),288,2006-09-01,50
455,456,3,Murder on the Orient Express (Hercule Poirot  #10),322,2004-08-31,45
456,457,523,My Father's Dragon (My Father's Dragon  #1),96,2005-12-27,339
457,458,329,My Life in France,336,2006-04-04,169
458,459,79,My Name Is Asher Lev,369,2003-03-11,15
459,460,275,My Side of the Mountain (Mountain  #1),192,2004-04-12,235
460,461,291,My Sister's Keeper,423,2005-02-01,329
461,462,617,My Ántonia (Great Plains Trilogy  #3),232,2000-02-20,191
462,463,129,Mystic River,416,2001-02-01,333
463,464,154,Mythology,497,1998-09-14,176
464,465,570,Naked Empire (Sword of Truth  #8),736,2004-06-01,297
465,466,624,Naked Lunch,289,2004-01-26,119
466,467,359,Narcissus in Chains (Anita Blake  Vampire Hunter  #10),644,2002-09-24,164
467,468,497,Native Son,504,2005-08-02,130
468,469,419,Neil Gaiman's Neverwhere,224,2007-02-14,305
469,470,56,Neither Here nor There: Travels in Europe,254,1993-03-28,333
470,471,344,Never Let Me Go,288,2010-08-31,310
471,472,430,Neverwhere (London Below  #1),370,2003-09-02,333
472,473,415,Next,431,2006-11-28,126
473,474,486,Nick & Norah's Infinite Playlist,183,2006-05-23,10
474,475,48,Nickel and Dimed: On (Not) Getting by in America,240,2002-05-01,202
475,476,583,Nicolae (Left Behind  #3),530,2005-12-03,292
476,477,235,Nine Stories,198,2001-01-30,176
477,478,291,Nineteen Minutes,440,2007-03-05,27
478,479,99,No Country for Old Men,309,2006-07-11,309
479,480,140,No Ordinary Time: Franklin and Eleanor Roosevelt: The Home Front in World War II,633,1995-10-01,269
480,481,216,Norwegian Wood,296,2000-09-12,310
481,482,183,Notes from Underground  White Nights  The Dream of a Ridiculous Man  and Selections from The House of the Dead,233,2004-11-02,265
482,483,56,Notes from a Small Island,324,1997-05-28,333
483,484,127,Odd Thomas (Odd Thomas  #1),446,2006-08-29,35
484,485,537,Oedipus Rex  (The Theban Plays  #1),75,2006-06-22,232
485,486,609,Of Human Bondage,684,2007-01-02,265
486,487,187,Of Love and Other Demons,160,1995-05-02,219
487,488,311,Of Mice and Men,103,2002-01-08,212
488,489,126,On Basilisk Station (Honor Harrington  #1),458,2005-07-26,32
489,490,633,On Beauty,445,2006-08-29,212
490,491,10,One Day in the Life of Ivan Denisovich,182,2005-03-16,105
491,492,288,One Thousand White Women: The Journals of May Dodd (One Thousand White Women  #1),434,1999-02-15,282
492,493,161,Open House,272,2001-05-01,33
493,494,604,Orlando,228,2000-09-28,217
494,495,626,Othello,314,2004-01-01,268
495,496,69,Out of the Silent Planet (The Space Trilogy  #1),224,2005-12-05,133
496,497,130,Outlander (Outlander  #1),850,2005-07-26,82
497,498,606,Pale Fire,246,2000-08-31,215
498,499,474,Pandora's Star,768,2005-03-02,76
499,500,309,Paradise Lost,453,2003-02-27,217
500,501,585,Patriot Games (Jack Ryan  #1),503,1992-05-01,45
501,502,370,Peony in Love,273,2007-06-26,237
502,503,393,Persepolis 2: The Story of a Return (Persepolis  #2),187,2005-08-02,207
503,504,394,Persepolis: The Story of a Childhood (Persepolis  #1),153,2004-06-01,206
504,505,265,Persuasion,249,2004-03-18,203
505,506,542,Pet Sematary,576,2005-11-01,229
506,507,237,Peter Pan,176,2003-10-01,152
507,508,117,Peter and the Shadow Thieves (Peter and the Starcatchers  #2),557,2006-07-15,160
508,509,117,Peter and the Starcatchers (Peter and the Starcatchers  #1),452,2006-05-01,92
509,510,570,Phantom (Sword of Truth  #10),587,2006-07-18,297
510,511,127,Phantoms,448,2002-02-05,45
511,512,291,Picture Perfect,369,2002-07-02,45
512,513,178,Piercing the Darkness (Darkness  #2),448,2003-06-26,67
513,514,40,Pippi Longstocking,160,2005-04-21,235
514,515,291,Plain Truth,405,2004-11-01,27
515,516,442,Plum Island (John Corey  #1),592,2002-01-01,116
516,517,270,Plum Lovin' (Stephanie Plum  #12.5),164,2007-01-09,284
517,518,257,Pop Goes the Weasel (Alex Cross  #5),461,2000-10-01,287
518,519,139,Pope Joan,422,2009-06-09,34
519,520,1,Possession,555,1991-10-01,309
520,521,464,Postmortem (Kay Scarpetta  #1),342,2003-12-30,229
521,522,94,Practical Demonkeeping (Pine Cove  #1),256,2004-05-25,221
522,523,14,Practical Magic (Practical Magic #1),286,2003-08-05,210
523,524,439,Preludes & Nocturnes (The Sandman  #1),233,1998-12-01,305
524,525,102,Prep : A Novel,420,2005-11-22,243
525,526,531,Pretties (Uglies  #2),370,2005-11-01,272
526,527,49,Prodigal Summer,444,2001-10-16,129
527,528,193,Pygmalion,82,1994-10-20,96
528,529,409,Queen of Babble (Queen of Babble  #1),309,2006-05-23,331
529,530,427,Quicksilver (The Baroque Cycle  #1),927,2004-09-21,134
530,531,390,Rachel's Holiday (Walsh Family  #2),578,2007-01-23,333
531,532,535,Rage of Angels,512,1999-08-03,135
532,533,586,Rainbow Six (John Clark  #2; Jack Ryan Universe  #10),912,1999-09-01,46
533,534,235,Raise High the Roof Beam  Carpenters & Seymour: An Introduction,256,2001-01-30,31
534,535,522,Ranma ½  Vol. 1 (Ranma ½ (US 2nd)  #1),304,2003-05-07,303
535,536,96,Rant,320,2007-05-01,95
536,537,46,Reading Lolita in Tehran: A Memoir in Books,356,2003-12-30,243
537,538,571,Reaper Man (Discworld  #11; Death  #2),352,2005-04-01,65
538,539,114,Rebecca,441,2007-12-01,317
539,540,575,Red Dragon (Hannibal Lecter  #1),348,2000-05-22,98
540,541,66,Redwall (Redwall  #1),352,2006-09-04,246
541,542,142,Reliquary (Pendergast  #2),464,2005-08-01,297
542,543,415,Rising Sun,399,2004-08-30,301
543,544,110,Robinson Crusoe (Robinson Crusoe #1),320,2001-06-12,183
544,545,630,Romeo and Juliet,368,2004-01-01,275
545,546,588,Rosencrantz and Guildenstern Are Dead,126,1994-01-21,119
546,547,310,Rules of Prey (Lucas Davenport  #1),479,2005-08-02,109
547,548,98,Sahara (Dirk Pitt  #11),400,2005-01-11,75
548,549,291,Salem Falls,434,2002-08-01,329
549,550,396,Salt: A World History,484,2003-01-28,212
550,551,228,Saturday,289,2006-04-11,15
551,552,257,Saving the World and Other Extreme Sports (Maximum Ride  #3),405,2007-05-29,176
552,553,257,School's Out—Forever (Maximum Ride  #2),409,2006-05-23,176
553,554,67,Scott Pilgrim  Volume 1: Scott Pilgrim's Precious Little Life,168,2004-08-18,196
554,555,436,Season of Mists (The Sandman  #4),217,1999-03-10,305
555,556,231,Second Foundation (Foundation #3),256,2004-06-01,40
556,557,270,Seven Up (Stephanie Plum  #7),337,2002-06-17,284
557,558,95,Sex  Drugs  and Cocoa Puffs: A Low Culture Manifesto,272,2004-07-02,258
558,559,453,Shadow of the Hegemon (The Shadow Series  #2),451,2001-12-09,297
559,560,629,Shakespeare's Sonnets,488,1997-08-21,52
560,561,611,She's Come Undone,465,1998-06-28,228
561,562,512,Ship of Destiny (Liveship Traders  #3),789,2001-11-27,280
562,563,536,Shopaholic & Baby (Shopaholic  #5),359,2007-02-27,88
563,564,536,Shopaholic Takes Manhattan (Shopaholic  #2),387,2004-12-27,82
564,565,536,Shopaholic Ties the Knot (Shopaholic  #3),407,2004-08-31,82
565,566,536,Shopaholic and Sister (Shopaholic  #4),388,2006-11-28,82
566,567,555,Shopgirl,130,2000-01-01,122
567,568,129,Shutter Island,369,2004-04-27,143
568,569,374,Sideways Stories from Wayside School (Wayside School #1),144,2004-01-19,53
569,570,485,Silent Spring,378,2002-10-22,178
570,571,409,Size 12 Is Not Fat (Heather Wells  #1),345,2005-12-27,333
571,572,542,Skeleton Crew,612,1993-05-13,326
572,573,73,Skinny Dip (Mick Stranahan #2),496,2006-05-01,116
573,574,587,Skinny Legs and All,422,2002-03-10,193
574,575,302,Skipping Christmas,198,2004-11-06,20
575,576,352,Slapstick  or Lonesome No More!,288,1999-05-11,88
576,577,352,Slaughterhouse-Five,275,1999-01-12,88
577,578,571,Small Gods (Discworld  #13),400,2005-08-01,65
578,579,430,Smoke and Mirrors: Short Fiction and Illusions,365,2005-08-30,29
579,580,428,Snow Crash,438,2000-08-02,36
580,581,370,Snow Flower and the Secret Fan,269,2006-02-21,237
581,582,141,So Long  and Thanks for All the Fish (Hitchhiker's Guide to the Galaxy  #4),167,2002-03-08,223
582,583,164,Something Blue (Darcy & Rachel  #2),338,2006-03-21,118
583,584,164,Something Borrowed (Darcy & Rachel  #1),322,2004-06-01,284
584,585,208,Son of a Witch (The Wicked Years  #2),352,2006-09-26,333
585,586,589,Song of Solomon,337,2004-06-08,309
586,587,103,Sons and Lovers,654,1999-08-17,184
587,588,217,South of the Border  West of the Sun,190,2006-12-01,309
588,589,453,Speaker for the Dead (Ender's Saga  #2),382,1994-08-15,297
589,590,392,Special Topics in Calamity Physics,514,2006-08-03,215
590,591,531,Specials (Uglies  #3),384,2006-05-09,274
591,592,406,Spook: Science Tackles the Afterlife,311,2006-09-26,323
592,593,217,Sputnik Sweetheart,229,2002-10-03,309
593,594,430,Stardust,248,2006-08-29,129
594,595,500,Starship Troopers,335,1987-05-15,2
595,596,261,Step on a Crack (Michael Bennett  #1),383,2007-02-06,177
596,597,587,Still Life with Woodpecker,288,2001-04-09,193
597,598,345,Stolen (Women of the Otherworld  #2),468,2004-09-28,226
598,599,566,Stone of Farewell (Memory  Sorrow  and Thorn  #2),608,2005-04-01,74
599,600,500,Stranger in a Strange Land,528,1991-10-01,1
600,601,127,Strangers,704,2002-10-01,45
601,602,589,Sula,174,2002-04-05,227
602,603,513,Sunshine,405,2004-11-30,164
603,604,493,Surely You're Joking  Mr. Feynman!: Adventures of a Curious Character,391,1997-04-12,321
604,605,483,Survival in Auschwitz,187,1995-09-01,268
605,606,96,Survivor,289,2000-08-03,309
606,607,257,Suzanne's Diary for Nicholas,289,2003-08-01,318
607,608,511,Swan Song,956,1987-06-01,229
608,609,382,Swann's Way (In Search of Lost Time  #1),492,2004-11-30,217
609,610,250,Tai-Pan (Asian Saga  #2),734,2009-09-01,80
610,611,325,Tales of a Fourth Grade Nothing (Fudge  #1),144,2004-01-06,45
611,612,379,Tara Road,648,2000-07-18,80
612,613,371,Taran Wanderer (The Chronicles of Prydain  #4),222,2006-05-16,281
613,614,152,Tarzan of the Apes (Tarzan  #1),324,2003-09-01,330
614,615,140,Team of Rivals: The Political Genius of Abraham Lincoln,916,2006-09-26,269
615,616,213,Tell No One,370,2009-08-25,82
616,617,573,Ten Apples Up On Top!,62,2003-08-04,137
617,618,567,Terrier (Beka Cooper  #1),581,2006-10-24,237
618,619,504,The 48 Laws of Power,452,2000-09-01,211
619,620,260,The 6th Target (Women's Murder Club  #6),390,2007-05-08,177
620,621,553,The 7 Habits of Highly Effective People: Powerful Lessons in Personal Change,372,2004-11-09,108
621,622,3,The A.B.C. Murders (Hercule Poirot  #13),252,2006-09-01,50
622,623,398,The Adventures of Huckleberry Finn (Adventures of Tom and Huck  #2),327,2002-12-31,217
623,624,397,The Adventures of Tom Sawyer (Adventures of Tom and Huck  #1),244,2006-02-28,217
624,625,399,The Adventures of Tom Sawyer and Adventures of Huckleberry Finn,520,2002-12-03,267
625,626,603,The Aeneid,442,1990-06-16,309
626,627,469,The Alchemist,197,1993-05-01,133
627,628,71,The Alienist (Dr. Laszlo Kreizler  #1),498,2006-10-24,237
628,629,413,The Amazing Adventures of Kavalier & Clay,639,2001-08-25,223
629,630,571,The Amazing Maurice and His Educated Rodents (Discworld  #28),256,2001-11-06,133
630,631,479,The Amber Spyglass  (His Dark Materials  #3),467,2003-09-09,172
631,632,415,The Andromeda Strain (Andromeda  #1),327,2003-10-28,29
632,633,257,The Angel Experiment (Maximum Ride  #1),445,2006-05-05,116
633,634,104,The Art of Happiness,336,1998-10-26,248
634,635,166,The Art of Loving,192,2019-08-06,130
635,636,561,The Art of War,273,2005-01-11,264
636,637,47,The Audacity of Hope: Thoughts on Reclaiming the American Dream,375,2006-10-17,68
637,638,490,The Bachman Books,704,1996-10-01,226
638,639,128,The Bad Place,417,2004-07-06,45
639,640,262,The Beach House,356,2003-05-01,116
640,641,49,The Bean Trees (Greer Family  #1),232,1989-03-01,222
641,642,263,The Big Bad Wolf  (Alex Cross  #9),400,2004-10-01,116
642,643,487,The Big Sleep (Philip Marlowe  #1),231,1988-07-12,314
643,644,529,The Birth of Venus,427,2004-11-30,237
644,645,371,The Black Cauldron (The Chronicles of Prydain  #2),182,2006-05-16,281
645,646,252,The Black Dahlia (L.A. Quartet  #1),348,2006-08-16,185
646,647,414,The Black Echo (Harry Bosch  #1; Harry Bosch Universe  #1),482,2002-12-01,116
647,648,414,The Black Ice (Harry Bosch  #2; Harry Bosch Universe  #2),448,2003-12-01,318
648,649,589,The Bluest Eye,216,2005-09-06,226
649,650,550,The Body,80,1999-12-20,212
650,651,462,The Body Farm (Kay Scarpetta  #5),351,2004-12-28,45
651,652,3,The Body in the Library (Miss Marple  #3),191,2006-09-01,50
652,653,481,The Boleyn Inheritance (The Plantagenet and Tudor Novels  #10),518,2006-12-05,27
653,654,279,The Bone Collector (Lincoln Rhyme  #1),528,1998-04-01,266
654,655,19,The Bonesetter's Daughter,387,2003-02-04,33
655,656,402,The Book Thief,552,2006-03-14,9
656,657,267,The Book of Ruth,328,1989-12-01,16
657,658,371,The Book of Three (The Chronicles of Prydain  #1),190,2006-05-16,281
658,659,636,The Bookseller of Kabul,288,2004-10-26,176
659,660,416,The Botany of Desire: A Plant's-Eye View of the World,297,2002-05-28,243
660,661,508,The Bourne Identity (Jason Bourne  #1),566,2005-03-24,200
661,662,508,The Bourne Ultimatum (Jason Bourne  #3),725,2004-05-06,200
662,663,302,The Brethren,384,2005-12-27,83
663,664,302,The Broker,422,2006-09-26,83
664,665,186,The Brothers Karamazov,796,2002-06-14,105
665,666,530,The Burden of Proof (Kindle County Legal Thriller #2),608,2000-12-01,116
666,667,142,The Cabinet of Curiosities (Pendergast  #3),629,2003-06-01,326
667,668,244,The Call of the Wild,172,2001-01-01,253
668,669,57,The Calvin and Hobbes Tenth Anniversary Book,208,1995-09-05,18
669,670,192,The Canterbury Tales,504,2003-01-30,217
670,671,371,The Castle of Llyr (The Chronicles of Prydain  #3),174,2006-05-16,281
671,672,144,The Cat in the Hat and Other Dr. Seuss Favorites,61,2003-10-14,174
672,673,235,The Catcher in the Rye,277,2001-01-30,31
673,674,574,The Cay (The Cay  #1),156,2003-04-08,172
674,675,138,The Christmas Shoes (Christmas Hope #1),132,2001-11-09,284
675,676,276,The Clan of the Cave Bear (Earth's Children  #1),512,2002-06-25,35
676,677,302,The Client,483,2010-03-16,83
677,678,414,The Closers (Harry Bosch  #11; Harry Bosch Universe  #14),432,2006-10-02,116
678,679,121,The Collectors (Camel Club  #2),438,2006-10-18,326
679,680,15,The Color Purple,295,2004-04-01,228
680,681,571,The Color of Magic (Discworld  #1; Rincewind  #1),228,2005-09-13,126
681,682,247,The Color of Water: A Black Man's Tribute to His White Mother,291,2004-01-14,247
682,683,337,The Communist Manifesto,288,2002-06-27,217
683,684,354,The Complete Anne of Green Gables Boxed Set (Anne of Green Gables  #1-8),2088,1998-10-06,285
684,685,57,The Complete Calvin and Hobbes,1456,2005-09-06,18
685,686,36,The Complete Maus,296,2003-10-02,212
686,687,170,The Complete Short Stories of Ernest Hemingway,650,1998-08-03,258
687,688,150,The Complete Stories and Poems,821,1984-08-15,94
688,689,481,The Constant Princess (The Plantagenet and Tudor Novels  #6),390,2006-09-06,329
689,690,316,The Corrections,653,2002-09-02,107
690,691,13,The Count of Monte Cristo,1276,2003-05-27,217
691,692,200,The Cricket in Times Square,134,1999-05-11,339
692,693,37,The Crucible,143,2003-03-25,212
693,694,582,The Crying of Lot 49,152,2006-10-17,129
694,695,395,The Curious Incident of the Dog in the Night-Time,226,2004-05-18,309
695,696,106,The Da Vinci Code (Robert Langdon  #2),489,2006-03-28,15
696,697,542,The Dark Half,469,1990-10-07,189
697,698,246,The Deep End of the Ocean (Cappadora Family  #1),464,1999-10-01,212
698,699,74,The Demon-Haunted World: Science as a Candle in the Dark,459,1997-02-25,33
699,700,360,The Devil Wears Prada (The Devil Wears Prada  #1),432,2006-05-30,16
700,701,470,The Devil and Miss Prym (On the Seventh Day  #3),205,2006-07-03,139
701,702,168,The Devil in the White City: Murder  Magic  and Madness at the Fair That Changed America,447,2003-02-11,239
702,703,429,The Diamond Age: Or  A Young Lady's Illustrated Primer,499,2000-05-02,279
703,704,597,The Dispossessed,387,1994-10-20,132
704,705,113,The Divine Comedy,798,1995-08-01,103
705,706,441,The Doll's House (The Sandman  #2),232,1999-03-10,305
706,707,494,The Door to December,518,2002-06-01,46
707,708,8,The Doors of Perception & Heaven and Hell,187,2004-05-04,130
708,709,505,The Dragon Reborn (The Wheel of Time  #3),624,2002-09-14,297
709,710,542,The Drawing of the Three (The Dark Tower  #2),463,2003-08-05,265
710,711,634,The Egypt Game,215,2009-07-07,301
711,712,65,The Elegant Universe: Superstrings  Hidden Dimensions  and the Quest for the Ultimate Theory,425,2004-09-02,311
712,713,632,The Elements of Style,128,1999-09-03,208
713,714,525,The End of Faith: Religion  Terror  and the Future of Reason,348,2005-09-17,320
714,715,203,The End of the Affair,160,2004-10-07,312
715,716,33,The Epic of Gilgamesh,120,2006-05-04,214
716,717,274,The Eyre Affair (Thursday Next  #1),374,2003-02-25,212
717,718,75,The Face on the Milk Carton (Janie Johnson  #1),192,1996-04-13,79
718,719,7,The Fall,147,1991-05-07,309
719,720,378,The Far Pavilions,958,1997-01-15,282
720,721,597,The Farthest Shore (Earthsea Cycle  #3),259,2004-11-01,111
721,722,240,The Fellowship of the Ring (The Lord of the Rings  #1),398,2003-09-05,157
722,723,131,The Fiery Cross (Outlander  #5),1443,2005-08-30,80
723,724,505,The Fires of Heaven (The Wheel of Time  #5),912,1994-07-04,198
724,725,515,The Firm,76,2000-02-15,5
725,726,466,The Five Dysfunctions of a Team: A Leadership Fable,227,2002-04-11,163
726,727,421,The Five People You Meet in Heaven,196,2003-09-23,159
727,728,292,The Forever War (The Forever War  #1),278,2003-09-02,319
728,729,45,The Fountainhead,704,1996-09-01,266
729,730,69,The Four Loves,170,2002-06-05,136
730,731,341,The Friday Night Knitting Club (Friday Night Knitting Club  #1),352,2007-01-18,109
731,732,557,The Ghost Map: The Story of London's Most Terrifying Epidemic—and How It Changed Science  Cities  and the Modern World,299,2006-11-01,247
732,733,372,The Giver (The Giver  #1),208,2006-01-24,101
733,734,278,The Glass Castle,288,2006-01-17,258
734,735,491,The God Delusion,374,2006-10-18,155
735,736,231,The Gods Themselves,288,2000-02-10,182
736,737,349,The Good  the Bad  and the Undead (The Hollows  #2),453,2005-01-25,143
737,738,473,The Good Earth (House of Earth  #1),418,2009-03-04,158
738,739,127,The Good Guy,386,2007-05-29,35
739,740,69,The Great Divorce,160,2002-02-01,133
740,741,542,The Green Mile,592,1996-09-01,220
741,742,445,The Guardian,400,2005-04-01,116
742,743,52,The Guns of August,606,2004-08-03,33
743,744,359,The Harlequin (Anita Blake  Vampire Hunter #15),422,2007-06-05,46
744,745,77,The Heart Is a Lonely Hunter,359,2000-09-08,178
745,746,371,The High King (The Chronicles of Prydain  #5),253,2006-05-16,281
746,747,591,The High Lord (Black Magician Trilogy  #3),644,2004-11-04,198
747,748,222,The Histories,716,2003-01-30,212
748,749,448,The History of Love,255,2006-05-17,195
749,750,240,The Hobbit  or There and Back Again,366,2002-08-15,154
750,751,496,The Hot Zone: The Terrifying True Story of the Origins of the Ebola Virus,352,1999-06-15,16
751,752,307,The Hotel New Hampshire,520,1982-10-22,51
752,753,38,The Hound of the Baskervilles,256,2001-07-01,265
753,754,155,The House of Mirth,351,2006-01-19,316
754,755,599,The Hunchback of Notre-Dame,510,2001-04-10,267
755,756,160,The Hundred Dresses,80,2004-09-01,121
756,757,127,The Husband,400,2006-05-30,35
757,758,184,The Idiot,667,2003-04-08,183
758,759,224,The Iliad,683,1999-04-29,217
759,760,224,The Iliad/The Odyssey,1556,1999-11-01,217
760,761,302,The Innocent Man: Murder and Injustice in a Small Town,360,2006-10-10,95
761,762,97,The Innovator's Dilemma: The Revolutionary Book that Will Change the Way You Do Business,286,2003-01-07,128
762,763,211,The Invisible Man,192,2002-09-03,267
763,764,211,The Island of Doctor Moreau,153,1994-05-01,38
764,765,335,The Jane Austen Book Club,288,2005-04-26,109
765,766,19,The Joy Luck Club,288,2006-09-21,212
766,767,596,The Jungle,335,2003-04-01,260
767,768,521,The Jungle Books,368,2005-05-03,267
768,769,359,The Killing Dance (Anita Blake  Vampire Hunter  #6),368,2006-04-04,47
769,770,302,The King of Torts,276,2005-12-27,83
770,771,42,The Kissing Hand,32,1993-10-15,288
771,772,19,The Kitchen God's Wife,416,2006-09-21,212
772,773,159,The Known World,388,2006-08-29,14
773,774,302,The Last Juror,278,2006-04-25,83
774,775,253,The Last of the Mohicans (The Leatherstocking Tales #2),410,1982-06-01,38
775,776,359,The Laughing Corpse (Anita Blake  Vampire Hunter  #2),301,2005-08-02,45
776,777,405,The Liars' Club,320,2005-05-31,212
777,778,571,The Light Fantastic (Discworld  #2; Rincewind #2),277,2000-02-02,143
778,779,498,The Lightning Thief (Percy Jackson and the Olympians  #1),375,2006-03-01,91
779,780,141,The Long Dark Tea-Time of the Soul (Dirk Gently  #2),307,1991-02-15,229
780,781,490,The Long Walk,370,1999-04-01,265
781,782,358,The Long Winter (Little House  #6),422,2007-01-01,144
782,783,177,The Looking Glass Wars,364,2006-09-26,87
783,784,143,The Lorax,72,1998-02-24,240
784,785,119,The Lost Boy (Dave Pelzer #2),331,1997-08-01,151
785,786,56,The Lost Continent: Travels in Small Town America,299,1990-08-28,333
786,787,359,The Lunatic Cafe (Anita Blake  Vampire Hunter #4),352,2005-03-01,47
787,788,94,The Lust Lizard of Melancholy Cove (Pine Cove  #2),304,2004-05-25,333
788,789,512,The Mad Ship (Liveship Traders  #2),906,2008-02-04,132
789,790,591,The Magicians' Guild (Black Magician Trilogy  #1),467,2004-01-31,198
790,791,300,The Magus,656,2001-01-04,31
791,792,115,The Maltese Falcon,213,2005-03-01,200
792,793,348,The Memory Keeper's Daughter,401,2006-05-30,212
793,794,560,The Mermaid Chair,368,2006-03-07,212
794,795,180,The Metamorphosis and Other Stories,224,2003-07-01,42
795,796,334,The Midwife's Apprentice,128,1996-08-16,144
796,797,194,The Mill on the Floss,579,2003-02-27,217
797,798,579,The Millionaire Next Door: The Surprising Secrets of America's Wealthy,258,1998-10-01,111
798,799,339,The Miraculous Journey of Edward Tulane,200,2006-02-14,58
799,800,514,The Monk Who Sold His Ferrari: A Fable About Fulfilling Your Dreams and Reaching Your Destiny,208,1999-04-21,139
800,801,315,The Monster at the End of this Book,32,2004-05-11,112
801,802,500,The Moon is a Harsh Mistress,288,2005-03-14,153
802,803,615,The Moonstone,528,2001-09-11,183
803,804,3,The Murder of Roger Ackroyd (Hercule Poirot  #4),288,2006-09-01,50
804,805,3,The Mysterious Affair at Styles (Hercule Poirot  #1),121,2002-10-21,85
805,806,328,The Mysterious Island (Extraordinary Voyages  #12),723,2004-04-27,183
806,807,286,The Namesake,291,2004-09-01,178
807,808,350,The Natural Way to Draw,240,1990-02-01,178
808,809,467,The New York Trilogy,308,2006-03-28,217
809,810,11,The No. 1 Ladies' Detective Agency (No. 1 Ladies' Detective Agency #1),235,2003-02-06,16
810,811,445,The Notebook (The Notebook  #1),214,2004-07-05,35
811,812,591,The Novice (Black Magician Trilogy  #2),577,2004-07-01,198
812,813,224,The Odyssey,541,2006-11-30,217
813,814,538,The Oedipus Cycle: Oedipus Rex  Oedipus at Colonus  Antigone,259,2002-11-01,178
814,815,564,The Once and Future King (The Once and Future King  #1-4),639,1987-06-15,1
815,816,83,The Origin of Species,703,2004-05-01,60
816,817,266,The Other Woman,389,2006-06-06,45
817,818,291,The Pact,512,2006-08-29,28
818,819,302,The Partner,416,2005-04-26,83
819,820,311,The Pearl,96,2002-01-08,212
820,821,302,The Pelican Brief,400,2006-04-25,83
821,822,385,The Penelopiad,198,2005-10-05,59
822,823,20,The Philosophy of Andy Warhol (From A to B and Back Again),272,1977-04-06,178
823,824,456,The Picture of Dorian Gray,272,2004-06-01,245
824,825,297,The Pilgrim's Progress,324,2003-02-10,96
825,826,22,The Pilot's Wife,304,1999-03-30,31
826,827,226,The Player of Games (Culture  #2),293,1997-02-01,141
827,828,480,The Plot Against America,391,2005-09-27,315
828,829,414,The Poet (Jack McEvoy  #1; Harry Bosch Universe  #5),510,2002-07-01,116
829,830,49,The Poisonwood Bible,546,2005-07-05,130
830,831,219,The Portrait of a Lady,797,2003-09-30,217
831,832,319,The Power of Myth,320,1988-06-01,15
832,833,149,The Power of Now: A Guide to Spiritual Enlightenment,229,2004-08-19,192
833,834,68,The Power of One (The Power of One  #1),544,1996-09-29,33
834,835,444,The Prince,140,2003-06-01,72
835,836,460,The Prince of Tides,679,2002-03-26,89
836,837,622,The Princess Bride,456,2003-07-15,33
837,838,409,The Princess Diaries (The Princess Diaries  #1),283,2001-07-01,300
838,839,332,The Prophet,127,2010-01-01,251
839,840,410,The Queen of Attolia (The Queen's Thief  #2),362,2006-01-24,102
840,841,32,The Queen of the Damned (The Vampire Chronicles  #3),448,1997-11-29,33
841,842,261,The Quickie,357,2007-07-02,176
842,843,204,The Quiet American,180,2004-08-31,218
843,844,302,The Rainmaker,419,2005-09-27,83
844,845,608,The Razor's Edge,314,2003-09-09,315
845,846,567,The Realms of the Gods (Immortals  #4),347,2006-01-01,274
846,847,21,The Red Tent,336,2005-11-01,284
847,848,482,The Republic,416,2003-02-25,217
848,849,445,The Rescue,352,2005-04-01,116
849,850,577,The Return of the Native,448,2001-02-13,183
850,851,199,The Richest Man in Babylon,194,2008-02-01,46
851,852,108,The Rise of Endymion (Hyperion Cantos  #4),709,1998-07-01,279
852,853,157,The Rise of Theodore Roosevelt,780,2001-11-20,243
853,854,99,The Road,241,2006-09-26,9
854,855,502,The Road Not Taken and Other Poems,49,1993-04-19,96
855,856,384,The Robber Bride,528,1998-01-20,15
856,857,231,The Robots of Dawn (Robot #3),435,1994-03-01,279
857,858,64,The Rules of Attraction,283,1998-06-30,313
858,859,302,The Runaway Jury,358,2006-04-25,83
859,860,425,The Scarlet Letter,279,2003-02-27,212
860,861,69,The Screwtape Letters,224,2001-03-06,133
861,862,498,The Sea of Monsters (Percy Jackson and the Olympians  #2),279,2006-04-01,160
862,863,175,The Secret Garden,331,1998-09-01,61
863,864,137,The Secret History,559,2004-04-13,309
864,865,560,The Secret Life of Bees,302,2003-01-28,212
865,866,76,The Secret of the Old Clock (Nancy Drew Mystery Stories  #1),210,1991-09-01,19
866,867,505,The Shadow Rising (The Wheel of Time  #4),1007,1993-10-15,294
867,868,519,The Shell Seekers,530,2004-04-06,115
868,869,542,The Shining,659,1980-07-01,190
869,870,241,The Silmarillion,386,2004-11-15,156
870,871,572,The Sinner (Rizzoli & Isles  #3),419,2005-01-17,41
871,872,277,The Social Contract,168,2006-05-30,210
872,873,294,The Sorrows of Young Werther,149,2005-02-08,183
873,874,248,The Source,1080,2002-07-09,243
874,875,29,The Spirit Catches You and You Fall Down: A Hmong Child  Her American Doctors  and the Collision of Two Cultures,341,1998-09-30,194
875,876,25,The Stranger Beside Me: Ted Bundy: The Shocking Inside Story,548,2001-06-01,265
876,877,302,The Street Lawyer,384,2005-04-26,35
877,878,302,The Summons,384,2005-09-27,83
878,879,340,The Tale of Despereaux,267,2008-09-09,58
879,880,53,The Tale of Peter Rabbit,72,2002-03-07,325
880,881,291,The Tenth Circle,416,2006-10-24,13
881,882,108,The Terror,769,2007-01-08,176
882,883,303,The Testament,535,1999-12-28,162
883,884,133,The Thirteenth Tale,406,2006-09-12,27
884,885,381,The Tipping Point: How Little Things Can Make a Big Difference,301,2002-01-07,31
885,886,598,The Tombs of Atuan (Earthsea Cycle  #2),180,2001-09-01,110
886,887,181,The Trial,255,2001-04-09,309
887,888,145,The Trumpet of the Swan,252,2000-10-03,133
888,889,571,The Truth (Discworld  #25; Industrial Revolution  #2),336,2002-02-21,54
889,890,499,The Twits,96,2004-06-24,235
890,891,242,The Two Towers (The Lord of the Rings  #2),322,2003-09-05,154
891,892,141,The Ultimate Hitchhiker's Guide to the Galaxy (Hitchhiker's Guide to the Galaxy  #1-5),815,2002-04-30,77
892,893,420,The Unbearable Lightness of Being,320,2009-10-27,129
893,894,536,The Undomestic Goddess,404,2006-04-25,89
894,895,541,The Universe in a Nutshell,216,2001-11-06,35
895,896,276,The Valley of Horses (Earth's Children  #2),544,2002-06-25,35
896,897,32,The Vampire Armand (The Vampire Chronicles  #6),457,2000-10-03,33
897,898,32,The Vampire Lestat (The Vampire Chronicles  #2),481,2004-08-31,33
898,899,481,The Virgin's Lover (The Plantagenet and Tudor Novels  #13),441,2005-09-07,329
899,900,437,The Wake (The Sandman  #10),191,1999-09-03,305
900,901,506,The Walking Dead  Book One (The Walking Dead #1-12),304,2010-10-05,161
901,902,558,The War of Art: Break Through the Blocks & Win Your Inner Creative Battles,168,2003-04-01,326
902,903,212,The War of the Worlds,192,2002-03-12,183
903,904,565,The Waste Land,320,2000-12-01,322
904,905,548,The Waste Lands (The Dark Tower  #3),422,2003-06-23,308
905,906,445,The Wedding (The Notebook  #2),276,2005-08-01,318
906,907,274,The Well of Lost Plots (Thursday Next #3),375,2004-08-03,212
907,908,163,The Westing Game,182,2004-04-12,234
908,909,346,The Wind in the Willows,197,2005-10-27,212
909,910,221,The Winds of War (The Henry Family  #1),896,2002-02-05,31
910,911,312,The Winter of Our Discontent,336,2008-08-26,217
911,912,32,The Witching Hour (Lives of the Mayfair Witches  #1),1207,2004-11-04,20
912,913,562,The Woman in Black,138,2001-12-01,73
913,914,616,The Woman in White,672,2003-02-27,217
914,915,580,The World Is Flat: A Brief History of the Twenty-first Century,616,2006-04-18,106
915,916,289,The Year of Magical Thinking,227,2007-02-13,309
916,917,413,The Yiddish Policemen's Union,414,2007-05-01,133
917,918,471,The Zahir,336,2006-07-03,139
918,919,635,Their Eyes Were Watching God,219,2006-05-30,14
919,920,157,Theodore Rex,555,2002-10-01,243
920,921,423,Think and Grow Rich: The Landmark Bestseller Now Revised and Updated for the 21st Century,320,2005-09-01,289
921,922,490,Thinner,320,1996-09-01,265
922,923,528,This Lullaby,345,2004-03-08,278
923,924,178,This Present Darkness (Darkness  #1),376,2003-06-26,67
924,925,285,Three Men in a Boat (Three Men  #1),185,1994-10-01,212
925,926,446,Three Weeks With My Brother,368,2006-01-03,116
926,927,270,Three to Get Deadly (Stephanie Plum  #3),321,1998-07-15,284
927,928,422,Throne of Jade (Temeraire  #2),398,2006-04-25,77
928,929,167,Thunderstruck,463,2006-10-24,69
929,930,566,To Green Angel Tower (Memory  Sorrow  and Thorn  #3),1083,2005-05-03,70
930,931,270,To the Nines (Stephanie Plum  #9),320,2004-06-05,284
931,932,293,Touching the Void: The True Story of One Man's Miraculous Survival,218,2004-02-03,129
932,933,230,Trainspotting,344,1998-03-06,261
933,934,30,Traveling Mercies: Some Thoughts on Faith,275,2000-02-15,15
934,935,311,Travels with Charley: In Search of America,214,2002-02-05,210
935,936,507,Treasure Island,311,2001-09-15,166
936,937,567,Trickster's Choice (Daughter of the Lioness  #1),453,2004-09-17,257
937,938,336,Triptych (Will Trent  #1),393,2006-08-15,79
938,939,220,Tropic of Cancer,318,1994-01-06,119
939,940,445,True Believer (Jeremy Marsh & Lexie Darnell  #1),465,2006-04-11,116
940,941,125,Truman,1120,1993-06-14,268
941,942,24,Truth and Beauty,257,2005-04-05,129
942,943,70,Tsubasa: RESERVoir CHRoNiCLE  Vol. 1,197,2004-04-27,76
943,944,626,Twelfth Night,272,2004-07-01,275
944,945,270,Twelve Sharp (Stephanie Plum  #12),310,2006-06-20,284
945,946,459,Twenty Love Poems and a Song of Despair,70,2006-12-26,217
946,947,327,Twenty Thousand Leagues Under the Sea (Extraordinary Voyages  #6),394,2002-04-01,43
947,948,554,Twilight (Twilight  #1),501,2006-09-06,176
948,949,478,Ubik,288,2006-05-01,171
949,950,531,Uglies (Uglies  #1),425,2005-02-08,274
950,951,540,Undaunted Courage: The Pioneering First Mission to Explore America's Wild Frontier,592,2003-10-06,269
951,952,581,Utopia,135,2003-05-06,217
952,953,5,V for Vendetta,296,2005-11-01,305
953,954,572,Vanish (Rizzoli & Isles  #5),401,2006-08-29,33
954,955,291,Vanishing Acts,426,2005-11-15,329
955,956,623,Vanity Fair,867,2003-01-30,212
956,957,127,Velocity,460,2006-04-25,35
957,958,472,Veronika Decides to Die,210,2006-06-01,129
958,959,130,Voyager (Outlander  #3),870,2001-08-07,83
959,960,218,Walden,352,2004-04-18,233
960,961,363,War and Peace,1392,1998-06-25,203
961,962,221,War and Remembrance (The Henry Family  #2),1042,2002-02-05,31
962,963,527,Water for Elephants,335,2007-05-01,12
963,964,390,Watermelon (Walsh Family  #1),520,2005-07-07,20
964,965,107,Way of the Peaceful Warrior: A Book That Changes Lives,240,2006-04-13,120
965,966,323,We Were the Mulvaneys,454,1997-09-01,226
966,967,282,Welcome to Temptation (Dempseys  #1),416,2004-07-11,283
967,968,118,What Is the What,475,2006-10-18,181
968,969,257,When the Wind Blows (When the Wind Blows  #1),416,2000-04-01,116
969,970,404,Where Are the Children?,304,2005-07-01,229
970,971,60,Where the Heart Is,376,1998-06-01,116
971,972,313,Wherever You Go  There You Are: Mindfulness Meditation in Everyday Life,304,2005-01-05,122
972,973,559,While I Was Gone,304,2000-05-12,33
973,974,243,White Fang,252,2001-01-01,256
974,975,135,White Noise,320,1999-06-01,212
975,976,272,White Oleander,446,2001-09-01,176
976,977,633,White Teeth,448,2001-06-12,309
977,978,539,Who Moved My Cheese?,96,2002-02-07,304
978,979,158,Who's Afraid of Virginia Woolf?,272,2006-08-01,186
979,980,122,Wicked: The Grimmerie,192,2005-10-26,122
980,981,567,Wild Magic (Immortals  #1),362,2005-06-01,274
981,982,331,Wild Swans: Three Daughters of China,562,2003-08-12,268
982,983,298,Wild at Heart: Discovering the Secret of a Man's Soul,256,2001-04-01,291
983,984,310,Winter Prey (Lucas Davenport  #5),400,1994-03-01,45
984,985,505,Winter's Heart (The Wheel of Time  #9),780,2002-01-07,298
985,986,571,Wintersmith (Discworld  #35; Tiffany Aching  #3),325,2006-10-01,142
986,987,571,Witches Abroad (Discworld  #12; Witches #3),374,2002-07-30,143
987,988,361,Without Fail (Jack Reacher  #6),14,2002-05-17,55
988,989,585,Without Remorse (John Clark  #1; Jack Ryan Universe Publication Order #6),750,1994-08-01,46
989,990,570,Wizard's First Rule (Sword of Truth  #1),836,2003-04-14,297
990,991,567,Wolf-Speaker (Immortals  #2),344,2005-06-01,274
991,992,543,Wolves of the Calla (The Dark Tower  #5),931,2006-02-01,229
992,993,80,Women,291,2014-07-29,99
993,994,408,World War Z: An Oral History of the Zombie War,342,2006-09-12,68
994,995,438,World's End (The Sandman  #8),160,1999-07-16,305
995,996,571,Wyrd Sisters (Discworld  #6; Witches #2),265,2001-02-06,147
996,997,454,Xenocide (Ender's Saga  #3),592,1996-07-15,297
997,998,201,Year of Wonders,358,2002-04-30,212
998,999,94,You Suck (A Love Story  #2),328,2007-01-16,331
999,1000,509,Zen and the Art of Motorcycle Maintenance: An Inquiry Into Values (Phaedrus  #1),540,2006-04-25,143
